Wrestler,Elo,Max Elo,Min Elo,Number of Matches
Abadon,2662.38891042055,2662.38891042055,1094.6003237694367,38
The Bunny,2362.685400849828,2411.1841123669033,1094.9641009452694,22
Anna Jay,2939.6688390407603,2950.575406446297,310.60032379656514,31
AQA,1991.0001687793686,1991.0001687793686,1094.9999854440443,5
Athena,5176.271352841072,5176.271355805881,1095.0,10
Dr. Britt Baker DMD,4150.331022501463,4150.331022501463,1095.0,48
Emi Sakura,4095.359976188276,4115.73937162522,1095.0,32
Hikaru Shida,4073.2486228536022,4073.2486228536022,1094.8725050283595,60
Jade Cargill,3442.6339820526173,3442.6339820526173,1095.0,36
Jamie Hayter,6225.746600655761,6225.749445412829,401.75329294196945,17
Kris Statlander,5305.767801989512,5345.196925892945,1095.0,44
Leva Bates,1213.4899963795356,1236.7397481743876,100.0,13
Leyla Hirsch,3848.9804419418206,3904.138048014219,396.1112480676394,40
Madison Rayne,1743.9275229548066,1743.9275229548066,1095.0,4
Mercedes Martinez,1921.7504560497428,1921.7504560497428,1094.9999999990987,11
Nyla Rose,5504.8826899939495,5504.882721912393,1094.872505033056,64
Penelope Ford,4928.595168878861,5126.999999999866,1095.0,43
Red Velvet,2800.885977280896,2800.8906681994677,100.0,54
Riho,4682.5755558299,4682.57866703221,1095.0,32
Ruby Soho,5771.539787591534,5772.971746015276,1095.0,24
Serena Deeb,4225.394311907482,4273.328357405159,100.0,34
Thunder Rosa,4973.116717116358,4973.116717116358,1095.0,57
Toni Storm,7814.915458515539,7814.915458515539,1095.0,18
Yuka Sakazaki,6322.882845307902,6322.882847438451,1095.0,9
Awesome Kong,1990.9999881101692,1990.9999881101692,1095.0,3
Bea Priestley,883.0156528256599,1095.0,883.0156528256599,2
Big Swole,3817.9001479115477,4230.287299997427,1094.4711331163262,29
Brandi Rhodes,5126.745006024974,5126.745006024974,1095.0,9
Shanna,3653.7816104338845,3683.7398699974988,100.0,12
Abby Jane,1094.9995954659294,1095.0,1094.9995954659294,2
Aja Kong,1207.0,2103.0,1095.0,2
Alejandra Lion,1094.9831266144392,1095.0,1094.9831266144392,2
Alex Gracia,2309.5054423505962,2335.4439729590154,100.0,14
Alice Crowley,1094.9999561241173,1095.0,1094.9999561241173,2
Allie Katch,1094.9999999971835,1095.0,1094.9999999971835,1
Allie Recks,1094.5889058043042,1095.0,1094.5889058043042,1
Allysin Kay,1094.9962561180832,1095.0,1094.9962561180832,1
Amber Nova,1094.7383029046168,1095.0,1094.7383029046168,9
Amber Rodriguez,1094.9999999990987,1095.0,1094.9999999990987,1
Ameera,1094.999945755899,1095.0,1094.999945755899,1
Angelica Risk,1094.6795257662664,1095.0,1094.6795257662664,10
Arie Alexander,1094.9999171519796,1095.0,1094.9999171519796,2
Ashley D'Amboise,1023.3721247078986,1095.0,1023.3721247078986,18
Ashley Vox,4230.61402780906,4230.61403054955,1094.6352214552637,5
Ava Everett,1095.0,1095.0,1095.0,1
Avery Breaux,310.64433141086687,1095.0,310.64433141086687,4
B3cca,1095.0,1095.0,1095.0,2
Blair Onyx,310.6578177696664,1095.0,310.6578177696664,3
Brittany,1095.0,1095.0,1095.0,1
Brittany Blake,1094.9999999883928,1095.0,1094.9999999883928,1
Brittany Jade,1094.641574754915,1095.0,1094.641574754915,2
Brooke Havok,1069.4762323116565,1095.0,1069.4762323116565,2
Cassandra Golden,889.3391921061962,1095.0,889.3391921061962,3
Charlette Renegade,1094.9410984686908,1095.0,1094.9410984686908,7
Charlie Kruel,1095.0,1095.0,1095.0,1
Christi Jaynes,1879.2508547655675,1879.2508547655675,1094.9644670745888,3
Dani Jordyn,100.0,1095.0,100.0,18
Dani Mo,1094.9994649674184,1095.0,1094.9994649674184,3
Danielle Kamela,3100.288731805481,3683.7377565430343,100.0,3
Danika Della Rouge,1095.0,1095.0,1095.0,1
Danni Bee,1094.9959426015134,1095.0,1094.9959426015134,1
Davienne,1090.9627475515492,1095.0,1090.9627475515492,2
Delmi Exo,1095.0,1095.0,1095.0,1
Deonna Purrazzo,1094.178714413333,1095.0,1094.178714413333,1
Devlyn Macabre,1094.8807974328065,1095.0,1094.8807974328065,2
Diamanté,2081.9933311404575,2098.0839858306017,1094.9999999999593,40
Dream Girl Ellie,1095.0,1095.0,1095.0,1
Dulce Tormenta,1094.9999118384846,1095.0,1094.9999118384846,2
Elayna Black,1094.8542780936664,1095.0,1094.8542780936664,1
Ella Envy,1094.9999999979536,1095.0,1094.9999999979536,1
Erica Leigh,1094.9911984677287,1095.0,1094.9911984677287,2
Free-Range Kara,1094.9999561241173,1095.0,1094.9999561241173,1
Freya States,199.00003907148735,1095.0,199.00003907148735,3
Gabby Ortiz,1094.9999999990987,1095.0,1094.9999999990987,1
Gemma Jewels,1094.1787136287148,1095.0,1094.1787136287148,1
Gia Scott,200.1017390437454,1095.0,200.1017390437454,3
Gigi Rey,1095.0,1095.0,1095.0,1
Haley J,1094.999999999962,1095.0,1094.999999999962,2
Harley Cameron,435.39868499285035,1095.0,435.39868499285035,1
Harlow O'Hara,1081.67838028213,1095.0,1081.67838028213,1
Hayley Shadows,1094.9999561241173,1095.0,1094.9999561241173,1
Heather Monroe,1094.9955806027758,1095.0,1094.9955806027758,3
Heather Reckless,1094.9956906683497,1095.0,1094.9956906683497,6
Heidi Howitzer,1094.9999999999611,1095.0,1094.9999999999611,2
Holidead,1095.0,1095.0,1095.0,1
Hyan,1094.3571998014063,1095.0,1094.3571998014063,3
Hyena Hera,1094.9959426015134,1095.0,1094.9959426015134,1
Ivelisse,1352.6633143137576,2027.4671758365018,100.0,8
J-Rod,1094.1787160484666,1095.0,1094.1787160484666,1
J.C.,1084.5252714575408,1095.0,1084.5252714575408,2
Jacey Love,1094.9999561241173,1095.0,1094.9999561241173,1
Jazmin Allure,328.27325234870347,1095.0,328.27325234870347,8
Jordan Blade,1095.0,1095.0,1095.0,1
Julia Hart,2878.77800080908,3094.2918455122553,412.54761104975546,36
Kaci Lennox,819.4063303719245,1095.0,819.4063303719245,3
Kaia McKenna,1094.9999999909874,1095.0,1094.9999999909874,1
Kaitland Alexis,1094.9911984679104,1095.0,1094.9911984679104,1
Karma Dean,1094.9999999999611,1095.0,1094.9999999999611,1
Kasey Fox,1094.9999999990987,1095.0,1094.9999999990987,1
Katalina Perez,1082.162460358184,1095.0,1082.162460358184,6
Katie Arquette,1094.6150023463058,1095.0,1094.6150023463058,3
Kayla Rossi,2099.2905656088915,2099.2905656088915,1095.0,2
Kayla Sparks,1094.9999999909326,1095.0,1094.9999999909326,3
Kelsey Heather,1094.9069673388888,1095.0,1094.9069673388888,4
Kelsey Raegan,1090.9515316531433,1095.0,1090.9515316531433,2
Kenzie Paige,1094.9971781766378,1095.0,1094.9971781766378,5
Kiah Dream,412.4945769160413,1095.0,412.4945769160413,2
Kiera Hogan,1989.0939002713965,1989.1167288273869,1094.7005560927257,17
Killa Kate,1094.9959500439677,1095.0,1094.9959500439677,1
KiLynn King,1264.3695751449116,1264.3695751449116,100.0,40
La Rosa Negra,1094.9901640917228,1095.0,1094.9901640917228,3
Labrava,1094.9957672649566,1095.0,1094.9957672649566,1
Lady Frost,962.4385253862358,1095.0,962.4385253862358,1
Layna Lennox,1094.9999999590511,1095.0,1094.9999999590511,2
Laynie Luck,1094.996422245605,1095.0,1094.996422245605,5
Lei'D Tapa,1094.8542780936664,1095.0,1094.8542780936664,1
Leila Grey,1049.1092507942537,1095.0,527.9042448282925,20
Lindsay Snow,811.9168377108749,1095.0,811.9168377108749,4
LMK,1094.9994259676694,1095.0,1094.9994259676694,2
Machiko,891.1121584943995,1095.0,891.1121584943995,1
Madi Maxx,1094.9999986956348,1095.0,1094.9999986956348,1
Madi Wrenkowski,2672.390492202241,2699.777795938682,462.07556251517497,17
Mafiosa,601.3865743831307,1095.0,601.3865743831307,2
Maki Itoh,100.0,1095.0,100.0,3
Marina Shafir,3544.9593176143003,3549.062971397174,1095.0,18
Marina Tucker,1094.999259120184,1095.0,1094.999259120184,3
Marti Daniels,1090.9661269087858,1095.0,1090.9661269087858,2
Masha Slamovich,1094.9999988405643,1095.0,1094.9999988405643,2
Max the Impaler,1095.0,1095.0,1095.0,1
Mazzerati,1090.2512283112949,1095.0,1090.2512283112949,2
Megan Bayne,1095.0234097272673,1095.0234097272673,1094.9999999170684,4
Megan Meyers,198.99976536697875,1095.0,198.99976536697875,3
Mei Suruga,1094.9999999999998,1095.0,1094.9999999999998,1
Miranda Alize,100.0,1095.0,100.0,5
Miranda Gordy,1094.9994649682396,1095.0,1094.9994649682396,2
Missa Kate,1094.9999744640488,1095.0,1094.9999744640488,5
Miyu Yamashita,5119.591556120727,5126.999999999996,1095.0,2
Myka Madrid,1094.9999999098707,1095.0,1094.9999999098707,1
Mylo,1094.500983334357,1095.0,1094.500983334357,2
Natalia Markova,1094.993087713265,1095.0,1094.993087713265,3
Nikita Knight,1094.999978032379,1095.0,1094.999978032379,2
Nikki Victory,1094.8864369954272,1095.0,1094.8864369954272,3
Notorious Mimi,1091.4012612282945,1095.0,1091.4012612282945,3
Paris Van Dale,1094.9999999998681,1095.0,1094.9999999998681,1
Priscilla Kelly,900.4907676828401,1095.0,900.4907676828401,1
Promise Braxton,1094.9921877694487,1095.0,1094.9921877694487,2
Queen Aminata,751.8482871082512,1095.0,751.8482871082512,8
Rachael Ellering,1095.0,1095.0,1095.0,1
Raché Chanel,1093.7647985665312,1095.0,1093.7647985665312,7
Rahne Victoria,1095.0,1095.0,1095.0,1
Ray Lyn,1094.2318298416085,1095.0,1094.2318298416085,3
Raychell Rose,1087.3121119216191,1095.0,1087.3121119216191,2
Rebecca Scott,1094.9957672649566,1095.0,1094.9957672649566,1
Reka Tehaka,100.0,1095.0,100.0,13
Renee Michelle,870.2005876299014,1095.0,870.2005876299014,10
Riley Shepard,1094.9999999990987,1095.0,1094.9999999990987,1
Rin Kadokura,100.0,1095.0,100.0,1
Robyn Renegade,1104.3353689959613,1150.9080497903458,1094.7837051067324,16
Rocky Radley,1094.865897112397,1095.0,1094.865897112397,1
Ruthie Jay,1094.9909860751216,1095.0,1094.9909860751216,1
Ryo Mizunami,6135.0000534557485,6135.000053477429,1095.0,11
Sahara Seven,799.3326329050126,1095.0,799.3326329050126,5
Sandra Moone,1094.9997684214543,1095.0,1094.9997684214543,1
Santana Garrett,1094.8570709209678,1095.0,1094.8570709209678,4
Savannah Evans,1094.9999999408492,1095.0,1094.9999999408492,1
Savannah Thorne,1087.3382144454774,1095.0,1087.3382144454774,1
Selene Grey,1095.0,1095.0,1095.0,1
Session Moth Martina,100.0,1095.0,100.0,3
Shaloncé Royal,1091.3835624962917,1095.0,1091.3835624962917,5
Shawna Reed,1094.579039465467,1095.0,1094.579039465467,5
Shoko Nakajima,1094.9999999999332,1095.0,1094.9999999999332,1
Sierra,1094.9946334220472,1095.0,1094.9946334220472,4
Skye Blue,2339.8478754205976,2438.5939427481567,1094.5941659362445,29
Skyler Moore,438.55539824973454,1095.0,438.55539824973454,11
Steff MK,1095.0,1095.0,1095.0,1
Sofia Castillo,1094.9999999990987,1095.0,1094.9999999990987,1
Tesha Price,1069.3731722405587,1095.0,1069.3731722405587,18
Tiffany Nieves,1094.9998445972287,1095.0,1094.9998445972287,2
Tina San Antonio,1095.0,1095.0,1095.0,1
Tootie Lynn,1094.9999999999611,1095.0,1094.9999999999611,2
Tracy Nyxx,1094.999999953888,1095.0,1094.999999953888,1
Trish Adora,1094.261343946909,1095.0,1094.261343946909,4
Valentina Rossi,450.56370426833706,1095.0,450.56370426833706,10
VENY,1094.8810668148044,1095.0,1094.8810668148044,1
Vertvixen,376.64954388188613,1095.0,376.64954388188613,6
Vicky Dreamboat,199.0006974315391,1095.0,199.0006974315391,3
Vipress,1089.7934499830958,1095.0,1089.7934499830958,7
Viva Van,534.5795592513035,1095.0,534.5795592513035,5
Willow Nightingale,1264.700680328271,1264.700680328271,1088.158012273448,19
Xtina Kay,1094.9942574295778,1095.0,1094.9942574295778,2
Zeda Zhang,1094.9999999098734,1095.0,1094.9999999098734,4
